{
  "quality_classifier": {
    "accuracy": 0.5265306122448979,
    "precision": 0.4334595881035341,
    "recall": 0.5265306122448979,
    "f1_score": 0.4449683687763679,
    "n_train": 3920,
    "n_test": 980
  },
  "value_predictor": {
    "r2_score": 0.16422631344397198,
    "rmse": 11.797359922373074,
    "mae": 9.942230563656542,
    "n_train": 3920,
    "n_test": 980
  },
  "price_predictor": {
    "r2_score": 0.47145609481467665,
    "rmse": 2.8898291182781315,
    "mae": 2.068966852885481,
    "n_train": 3920,
    "n_test": 980
  },
  "dataset_size": 4900,
  "features": [
    "calories",
    "protein",
    "carbs",
    "fat",
    "sugar",
    "fiber",
    "price_per_100g",
    "package_weight_g"
  ]
}